{"schemaVersion":"1.0","appDefinitionTemplate":{"id":"/providers/Microsoft.PowerApps/apps/","type":"Microsoft.PowerApps/apps","tags":{"primaryDeviceWidth":"640","primaryDeviceHeight":"1136","sienaVersion":"20220302T100229Z-3.22022.23.0","deviceCapabilities":"","supportsPortrait":"true","supportsLandscape":"true","primaryFormFactor":"Phone","publisherVersion":"3.22022.23","minimumRequiredApiVersion":"2.2.0","hasComponent":"false","hasUnlockedComponent":"false","isUnifiedRootApp":"false"},"properties":{"appVersion":"2022-03-02T10:02:29Z","lifeCycleId":"Published","createdByClientVersion":{"major":3,"minor":22022,"build":23,"revision":0,"majorRevision":0,"minorRevision":0},"minClientVersion":{"major":3,"minor":22022,"build":23,"revision":0,"majorRevision":0,"minorRevision":0},"backgroundColor":"RGBA(0,176,240,1)","backgroundImageUri":"/13093495632875333880/Nc61a4097-9deb-4752-a206-3f04c81a0e2d-logoSmallFile","displayName":"UI Design Sample Mobile","description":"","commitMessage":"","appUris":{"documentUri":{"value":"/13093495632875333880/N63d8f138-7d85-4ce5-8652-542d9f23d7e3-document.msapp"},"imageUris":[]},"createdTime":"0001-01-01T00:00:00Z","lastModifiedTime":"0001-01-01T00:00:00Z","sharedGroupsCount":0,"sharedUsersCount":0,"icons":{"smallIconUri":"/13093495632875333880/N20a143e2-3bd6-4b56-a208-dfc4ed8018b8-small.png","mediumIconUri":"/13093495632875333880/N88f8fa4a-d886-446e-a3f2-3bdb90352a2b-medium.png","largeIconUri":"/13093495632875333880/N63f0d6d8-7d5a-47b3-9196-0b44b4314209-large.png","wideIconUri":"/13093495632875333880/N80739f93-800a-42f0-b5e6-a894a3998560-wide.png"},"connectionReferences":{},"databaseReferences":{},"almMode":"Environment","performanceOptimizationEnabled":true,"canConsumeAppPass":true,"executionRestrictions":{"isTeamsOnly":false,"dataLossPreventionEvaluationResult":{"status":"Compliant","lastEvaluationDate":"2022-03-02T09:53:37.5198616Z","violations":[],"violationsByPolicy":[],"violationErrorMessage":"The app uses the following connectors: ."}}},"appType":"ClassicCanvasApp","appComponents":[]}}