{"schemaVersion":"1.0","appDefinitionTemplate":{"id":"/providers/Microsoft.PowerApps/apps/","type":"Microsoft.PowerApps/apps","tags":{"primaryDeviceWidth":"1366","primaryDeviceHeight":"768","sienaVersion":"20220303T090707Z-3.22022.23.0","deviceCapabilities":"","supportsPortrait":"true","supportsLandscape":"true","primaryFormFactor":"Tablet","publisherVersion":"3.22022.23","minimumRequiredApiVersion":"2.2.0","hasComponent":"false","hasUnlockedComponent":"false","isUnifiedRootApp":"false"},"properties":{"appVersion":"2022-03-03T09:07:07Z","lifeCycleId":"Published","createdByClientVersion":{"major":3,"minor":22022,"build":23,"revision":0,"majorRevision":0,"minorRevision":0},"minClientVersion":{"major":3,"minor":22022,"build":23,"revision":0,"majorRevision":0,"minorRevision":0},"backgroundColor":"RGBA(0,176,240,1)","backgroundImageUri":"/2827202591511557704/Nd62776e7-fba2-45b6-aeba-805fb7edcd51-logoSmallFile","displayName":"UI Design Sample","description":"","commitMessage":"","appUris":{"documentUri":{"value":"/2827202591511557704/Nab6b6b3e-fd65-47fa-91cc-f9c07e7f1fa2-document.msapp"},"imageUris":[]},"createdTime":"0001-01-01T00:00:00Z","lastModifiedTime":"0001-01-01T00:00:00Z","sharedGroupsCount":0,"sharedUsersCount":0,"icons":{"smallIconUri":"/2827202591511557704/Nb785a0cf-41d3-415c-abe0-ef581ae26a75-small.png","mediumIconUri":"/2827202591511557704/Ncf5d3d20-d53f-4d2c-be73-501a37616560-medium.png","largeIconUri":"/2827202591511557704/N59697c9e-b068-4c6d-8589-a9994cfb9cc7-large.png","wideIconUri":"/2827202591511557704/Nf6e4aa8d-900c-4b5e-bbf0-df00daff501a-wide.png"},"connectionReferences":{},"databaseReferences":{},"almMode":"Environment","performanceOptimizationEnabled":true,"canConsumeAppPass":true,"executionRestrictions":{"isTeamsOnly":false,"dataLossPreventionEvaluationResult":{"status":"Compliant","lastEvaluationDate":"2022-03-01T22:59:33.9895696Z","violations":[],"violationsByPolicy":[],"violationErrorMessage":"The app uses the following connectors: ."}}},"appType":"ClassicCanvasApp","appComponents":[]}}